time,t2m_c,tcc,ssr,str_nlw,tisr,tsr,ttr,number,t2m_c_max,t2m_c_min,net_rad,reflected_solar
2024-01-01,16.8141,0.3943,24.7684,-12.272,47.6186,35.7309,-42.6222,0,18.9501,14.2235,12.4964,11.8878
2024-01-02,16.5551,0.3566,25.2034,-12.2256,47.7483,36.2368,-43.2342,0,18.7017,13.8923,12.9778,11.5114
2024-01-03,16.5262,0.3965,25.0368,-11.871,47.874,36.1305,-43.1908,0,18.6072,13.7354,13.1658,11.7435
2024-01-04,16.5548,0.4258,24.5554,-11.5776,48.0063,35.7257,-42.7323,0,18.6407,13.9922,12.9778,12.2807
2024-01-05,16.6246,0.4295,24.5795,-11.4305,48.1452,35.8156,-42.934,0,18.7087,13.955,13.149,12.3296
2024-01-06,16.7454,0.4068,25.4484,-11.4203,48.2905,36.7942,-43.4272,0,18.7041,14.1673,14.0281,11.4963
2024-01-07,16.7768,0.3619,25.5832,-11.6643,48.4421,36.9228,-43.3808,0,18.9131,14.1338,13.9189,11.5193
2024-01-08,16.7595,0.3644,25.5958,-11.6152,48.5999,36.8804,-42.7007,0,18.8632,14.1384,13.9806,11.7195
2024-01-09,16.7834,0.4175,25.2447,-11.8599,48.7637,36.5241,-41.5818,0,18.9082,14.1539,13.3848,12.2396
2024-01-10,16.8075,0.3903,26.3817,-12.2943,48.9336,37.609,-42.4873,0,18.9361,13.9952,14.0873,11.3246
2024-01-11,17.1152,0.3157,27.7537,-12.6726,49.1092,39.0322,-44.0045,0,19.5389,14.0209,15.0811,10.0771
2024-01-12,17.1849,0.3683,27.9968,-12.9355,49.2906,39.0566,-44.1658,0,19.6134,14.0094,15.0614,10.2339
2024-01-13,17.3877,0.3127,28.6023,-13.2096,49.4775,39.6601,-45.2655,0,19.8483,14.1702,15.3927,9.8174
2024-01-14,17.333,0.247,29.1663,-13.3754,49.6698,40.2048,-46.3018,0,19.7421,14.226,15.7908,9.465
2024-01-15,17.1798,0.3236,28.8642,-13.0613,49.8674,39.9149,-45.9414,0,19.4303,14.1823,15.8029,9.9525
2024-01-16,16.9565,0.4431,28.0846,-12.4888,50.0701,39.362,-45.3073,0,19.023,14.1309,15.5958,10.708
2024-01-17,16.7059,0.4441,27.3111,-11.9771,50.2777,38.8271,-45.2535,0,18.7262,14.1724,15.334,11.4506
2024-01-18,16.5366,0.3782,27.3293,-12.0932,50.49,38.9477,-45.4071,0,18.7063,13.9089,15.2361,11.5423
2024-01-19,16.4714,0.3179,27.8364,-12.4172,50.7071,39.3888,-45.5651,0,18.7269,13.5771,15.4192,11.3183
2024-01-20,16.5669,0.3376,28.4895,-12.5482,50.9285,40.0823,-45.6372,0,18.8173,13.4504,15.9413,10.8462
2024-01-21,16.4959,0.3867,29.0505,-13.121,51.1542,40.6228,-45.8966,0,18.7655,13.783,15.9295,10.5313
2024-01-22,16.5116,0.317,29.8101,-13.5097,51.3839,41.2433,-46.0502,0,18.9126,13.2621,16.3003,10.1406
2024-01-23,16.5594,0.3277,29.1743,-13.0549,51.6176,40.716,-45.8042,0,18.7638,13.6048,16.1194,10.9016
2024-01-24,16.4645,0.3981,28.2144,-12.5555,51.8549,39.8895,-44.8557,0,18.5903,13.6832,15.6589,11.9654
2024-01-25,16.3812,0.4379,27.4689,-12.1183,52.0958,39.3073,-43.7536,0,18.5135,13.7803,15.3506,12.7885
2024-01-26,16.5849,0.4672,28.115,-12.1166,52.34,40.1306,-43.7005,0,18.8006,13.6624,15.9984,12.2094
2024-01-27,16.8487,0.5106,28.9951,-12.6453,52.5873,40.9853,-44.0367,0,19.1976,13.9398,16.3499,11.602
2024-01-28,17.0656,0.5219,28.7114,-12.5566,52.8376,40.7492,-43.6147,0,19.3911,13.855,16.1548,12.0884
2024-01-29,17.3918,0.5231,29.3165,-12.4254,53.0906,41.5369,-44.003,0,19.7399,14.2585,16.891,11.5537
2024-01-30,17.6208,0.4639,29.5411,-12.104,53.3462,41.8872,-43.4526,0,19.7542,14.601,17.4372,11.459
2024-01-31,17.7992,0.4378,29.1282,-11.6842,53.6041,41.6796,-43.55,0,19.8124,15.0554,17.444,11.9244
2024-02-01,17.8149,0.4063,29.1974,-11.7717,53.8641,41.8807,-44.4556,0,19.8687,15.2949,17.4257,11.9834
2024-02-02,17.6574,0.4311,29.3447,-11.8761,54.1261,42.015,-44.8682,0,19.6255,15.1038,17.4686,12.1111
2024-02-03,17.6615,0.3558,29.6182,-12.0143,54.3899,42.2943,-45.2126,0,19.6861,15.0064,17.6039,12.0956
2024-02-04,17.7669,0.3024,29.9273,-11.9662,54.6552,42.6719,-45.2541,0,19.8379,15.0458,17.9611,11.9833
2024-02-05,17.7552,0.3448,30.5862,-12.4167,54.9219,43.3106,-45.7034,0,19.81,15.126,18.1694,11.6113
2024-02-06,17.5892,0.3052,30.6989,-12.7534,55.1897,43.3117,-45.6029,0,19.7891,14.8838,17.9456,11.878
2024-02-07,17.6802,0.279,31.3249,-13.2381,55.4585,43.8431,-45.697,0,19.9921,14.7111,18.0869,11.6154
2024-02-08,17.3702,0.3727,32.103,-13.9958,55.7281,44.4012,-45.4963,0,19.859,14.4358,18.1072,11.3269
2024-02-09,17.1794,0.1834,32.7338,-14.6461,55.9983,44.9128,-45.811,0,19.9662,13.6933,18.0877,11.0855
2024-02-10,17.467,0.1413,32.8198,-14.3917,56.2689,45.1289,-46.0695,0,20.3319,13.7471,18.428,11.1399
2024-02-11,17.7747,0.2627,32.4497,-13.977,56.5396,45.0114,-45.685,0,20.5171,14.1867,18.4727,11.5283
2024-02-12,18.1656,0.4806,32.0222,-13.506,56.8105,44.7408,-44.0365,0,20.8191,14.6606,18.5162,12.0697
2024-02-13,18.5043,0.4781,32.2071,-13.1638,57.0811,45.1585,-43.8001,0,21.0279,15.2014,19.0433,11.9226
2024-02-14,18.6394,0.4205,32.5217,-13.2489,57.3515,45.6062,-44.5722,0,21.2028,15.5363,19.2728,11.7453
2024-02-15,18.753,0.299,33.0133,-13.7062,57.6214,46.0455,-45.6248,0,21.5472,15.4374,19.3071,11.5759
2024-02-16,19.1197,0.1913,33.8137,-13.9175,57.8906,46.823,-46.3403,0,21.9691,15.3693,19.8962,11.0676
2024-02-17,19.6697,0.3201,33.6293,-13.6518,58.1589,46.7775,-45.7004,0,22.4017,15.9854,19.9774,11.3815
2024-02-18,19.8174,0.4006,33.0921,-13.1886,58.4263,46.4463,-45.0579,0,22.1992,16.437,19.9036,11.98
2024-02-19,19.9759,0.4238,32.6186,-12.9164,58.6925,46.1837,-45.244,0,22.1802,17.0593,19.7022,12.5088
2024-02-20,19.6524,0.3276,33.1953,-13.0732,58.9575,46.8149,-45.8538,0,21.7855,16.8982,20.1221,12.1426
2024-02-21,19.1648,0.3534,33.1004,-13.0999,59.221,46.7401,-45.6193,0,21.1582,16.6062,20.0004,12.4809
2024-02-22,18.7241,0.356,33.1467,-13.2559,59.4829,46.6903,-45.6732,0,20.8416,16.1342,19.8908,12.7925
2024-02-23,18.3453,0.257,33.558,-13.7144,59.7431,46.9038,-46.1798,0,20.6788,15.5897,19.8436,12.8393
2024-02-24,18.375,0.2852,33.441,-13.4242,60.0014,46.9028,-45.8256,0,20.7191,15.186,20.0168,13.0987
2024-02-25,18.4285,0.3426,32.2578,-12.6479,60.2578,46.1104,-44.4681,0,20.6531,15.4135,19.6099,14.1474
2024-02-26,18.9668,0.4043,32.4453,-12.046,60.5121,46.4587,-43.5642,0,21.2052,15.7825,20.3993,14.0535
2024-02-27,19.5417,0.3549,33.1202,-11.9111,60.7643,47.4619,-44.5402,0,21.7737,16.6876,21.2091,13.3024
2024-02-28,19.6009,0.2961,33.9773,-12.5531,61.0141,48.2359,-45.7119,0,22.0039,16.6376,21.4242,12.7783
2024-02-29,19.7728,0.3931,34.099,-12.7781,61.2616,48.1701,-45.1722,0,22.2158,16.4179,21.3209,13.0915
2024-03-01,19.9668,0.4439,33.2338,-12.5419,61.5066,47.3433,-43.9691,0,22.3571,16.8749,20.6919,14.1633
2024-03-02,19.6625,0.44,33.1229,-12.4104,61.7491,47.3445,-43.8604,0,21.8588,17.0591,20.7125,14.4046
2024-03-03,19.1839,0.3579,33.9679,-12.9828,61.9889,48.1499,-44.4845,0,21.1914,16.634,20.9851,13.8391
2024-03-04,19.095,0.3731,34.8157,-13.7308,62.226,48.8677,-44.6171,0,21.3419,16.1942,21.0849,13.3584
2024-03-05,19.1495,0.4188,35.1479,-13.883,62.4604,49.1385,-44.2785,0,21.6146,15.8689,21.265,13.3219
2024-03-06,19.3887,0.4782,34.933,-13.6595,62.6919,49.1146,-43.6607,0,21.8681,16.0663,21.2735,13.5773
2024-03-07,19.5301,0.3816,35.4676,-14.1492,62.9206,49.5091,-44.1684,0,22.1338,16.1497,21.3184,13.4115
2024-03-08,19.7811,0.305,36.1647,-14.513,63.1463,50.1543,-44.7128,0,22.4808,16.2039,21.6517,12.992
2024-03-09,20.041,0.3063,36.8008,-14.6189,63.3691,50.6713,-45.2049,0,22.7036,16.5269,22.1819,12.6978
2024-03-10,20.316,0.2784,36.1518,-13.9723,63.5888,50.2724,-45.1961,0,22.9626,16.7596,22.1796,13.3164
2024-03-11,20.9807,0.2794,36.6263,-13.4873,63.8055,51.139,-46.7381,0,23.5363,17.3889,23.139,12.6665
2024-03-12,21.0448,0.2945,36.8997,-13.6689,64.0191,51.4212,-46.9844,0,23.5155,17.9106,23.2309,12.5979
2024-03-13,20.8286,0.2998,36.3808,-13.5173,64.2296,50.8648,-46.7005,0,23.2111,17.674,22.8635,13.3648
2024-03-14,20.7788,0.2107,37.196,-14.1783,64.437,51.5601,-47.2483,0,23.2895,17.6328,23.0178,12.8769
2024-03-15,20.7896,0.2013,37.8153,-14.6121,64.6413,51.9645,-47.4056,0,23.5587,17.2216,23.2033,12.6768
2024-03-16,20.9419,0.2768,37.1736,-14.2678,64.8424,51.501,-46.2997,0,23.5247,17.603,22.9058,13.3414
2024-03-17,21.045,0.2963,37.3439,-14.0561,65.0404,51.9125,-45.7481,0,23.6226,17.6442,23.2878,13.1279
2024-03-18,21.1736,0.2437,37.6417,-14.1148,65.2351,52.2724,-45.63,0,23.9078,17.637,23.5269,12.9628
2024-03-19,21.3479,0.2821,37.2453,-13.8517,65.4268,52.021,-44.965,0,23.8285,17.9786,23.3936,13.4058
2024-03-20,21.1937,0.3548,35.3422,-13.066,65.6153,50.3384,-44.0025,0,23.4711,18.1324,22.2762,15.2768
2024-03-21,21.5653,0.3485,35.5666,-12.6007,65.8006,50.8772,-44.4171,0,23.7785,18.5539,22.966,14.9234
2024-03-22,21.7868,0.2754,36.6247,-12.8695,65.9828,52.0547,-45.8472,0,24.2059,18.7433,23.7553,13.9281
2024-03-23,22.0085,0.3305,36.6823,-12.9634,66.1619,52.0514,-45.3546,0,24.4488,18.7002,23.7189,14.1104
2024-03-24,22.1246,0.3754,37.1811,-13.3951,66.3378,52.4265,-45.067,0,24.6741,18.9904,23.786,13.9113
2024-03-25,22.3722,0.3387,37.8775,-13.3763,66.5107,53.2106,-45.3599,0,24.7823,19.187,24.5012,13.3002
2024-03-26,22.4894,0.4028,37.1715,-13.0844,66.6805,52.6598,-44.34,0,24.9028,19.3465,24.0871,14.0207
2024-03-27,22.7515,0.4194,36.9854,-12.8297,66.8473,52.5573,-44.1913,0,25.1477,19.6157,24.1557,14.29
2024-03-28,22.9423,0.4087,37.1266,-12.9515,67.011,52.8073,-44.4607,0,25.4069,19.7098,24.1751,14.2037
2024-03-29,23.2311,0.3458,37.0859,-12.7248,67.1718,52.9398,-45.2377,0,25.5509,20.1282,24.3611,14.232
2024-03-30,23.1696,0.3622,36.7913,-12.6973,67.3296,52.6486,-45.132,0,25.4032,20.2466,24.094,14.681
2024-03-31,22.9575,0.3528,37.6505,-13.1515,67.4845,53.489,-45.199,0,25.1986,20.0638,24.4989,13.9954
2024-04-01,23.1637,0.3455,38.7032,-13.7374,67.6364,54.3149,-45.7866,0,25.6854,19.9292,24.9658,13.3216
2024-04-02,23.3442,0.3727,38.4638,-13.5827,67.7855,54.1682,-45.8324,0,25.7841,20.0517,24.8811,13.6173
2024-04-03,23.4192,0.4606,37.9473,-13.1127,67.9318,53.8587,-45.3506,0,25.7879,20.2208,24.8346,14.073
2024-04-04,23.5118,0.4753,37.719,-13.0995,68.0753,53.669,-44.8465,0,25.8291,20.4324,24.6195,14.4063
2024-04-05,23.6295,0.4516,37.9608,-13.3448,68.216,53.9165,-45.1445,0,26.0285,20.4411,24.6159,14.2995
2024-04-06,23.7346,0.357,38.8743,-13.8416,68.354,54.5995,-46.3063,0,26.1648,20.647,25.0327,13.7545
2024-04-07,23.56,0.3583,38.536,-13.9153,68.4893,54.1853,-46.463,0,25.9462,20.4436,24.6207,14.304
2024-04-08,23.4869,0.4267,38.7613,-13.8807,68.6219,54.4749,-46.1138,0,26.0217,20.2227,24.8806,14.147
2024-04-09,23.5437,0.4447,38.4976,-13.8423,68.752,54.2678,-44.4833,0,26.007,20.238,24.6553,14.4842
2024-04-10,23.4767,0.4785,37.4551,-13.4653,68.8794,53.4926,-43.2042,0,25.8645,20.4111,23.9897,15.3868
2024-04-11,23.3506,0.431,37.4525,-12.9792,69.0043,53.6782,-43.8595,0,25.6426,20.1939,24.4733,15.3261
2024-04-12,23.293,0.4797,36.63,-12.3194,69.1267,53.0959,-43.4029,0,25.5289,20.3989,24.3106,16.0309
2024-04-13,23.2316,0.5063,36.2722,-12.0917,69.2467,52.7814,-42.8449,0,25.5247,20.2991,24.1806,16.4653
2024-04-14,23.6182,0.4758,36.7243,-11.6883,69.3642,53.4684,-43.0667,0,25.868,20.5608,25.036,15.8957
2024-04-15,24.2961,0.4591,37.4609,-11.9084,69.4792,54.1993,-44.0355,0,26.6254,21.2129,25.5524,15.2799
2024-04-16,24.3319,0.4694,37.9906,-12.3301,69.5919,54.6519,-44.2875,0,26.723,21.1858,25.6605,14.94
2024-04-17,24.3241,0.5011,37.4441,-12.339,69.7022,54.1802,-44.2765,0,26.5328,21.3255,25.105,15.5221
2024-04-18,24.5601,0.4076,38.082,-12.2723,69.8102,54.814,-45.584,0,26.8901,21.4865,25.8097,14.9962
2024-04-19,24.4767,0.3997,37.5902,-12.0122,69.9159,54.4578,-45.5958,0,26.6431,21.8421,25.578,15.4581
2024-04-20,24.3736,0.4774,37.6669,-12.3796,70.0193,54.3694,-44.8454,0,26.5086,21.7336,25.2873,15.6499
2024-04-21,24.541,0.4767,38.2317,-12.5322,70.1204,55.0101,-44.6836,0,26.7574,21.6717,25.6995,15.1103
2024-04-22,24.4088,0.424,37.7661,-12.6756,70.2193,54.4954,-44.5416,0,26.6159,21.6395,25.0905,15.7239
2024-04-23,24.5149,0.3726,39.0465,-13.0236,70.316,55.7688,-45.3036,0,26.8318,21.565,26.0229,14.5472
2024-04-24,24.582,0.3592,38.8663,-13.2262,70.4105,55.6256,-45.5541,0,26.9274,21.3863,25.6401,14.7849
2024-04-25,24.7819,0.3854,39.0381,-13.209,70.5028,55.7812,-45.515,0,27.1766,21.5119,25.8291,14.7216
2024-04-26,24.6974,0.4102,38.0889,-12.9062,70.593,54.8944,-44.9796,0,27.0518,21.684,25.1827,15.6986
2024-04-27,24.8123,0.428,38.2614,-12.644,70.6811,55.2357,-44.2723,0,27.0733,21.7067,25.6174,15.4454
2024-04-28,24.9831,0.4411,38.9814,-12.9136,70.767,55.9367,-45.0566,0,27.2198,22.0242,26.0678,14.8304
2024-04-29,24.9729,0.4073,38.3645,-13.0523,70.851,55.269,-45.2561,0,27.1738,22.1087,25.3123,15.5819
2024-04-30,24.9291,0.4004,38.9859,-13.6928,70.9328,55.6141,-45.2482,0,27.2031,22.0466,25.2932,15.3187
2024-05-01,24.781,0.4219,39.3354,-13.7699,71.0127,55.9457,-45.7182,0,27.0249,21.9127,25.5654,15.067
2024-05-02,24.4543,0.4621,39.1141,-13.9417,71.0906,55.6658,-45.0516,0,26.8665,21.4934,25.1724,15.4247
2024-05-03,24.7156,0.4558,38.1181,-13.2045,71.1664,54.8822,-44.4528,0,27.2022,21.3268,24.9136,16.2843
2024-05-04,25.2531,0.5046,38.445,-12.5482,71.2404,55.5721,-44.428,0,27.5958,22.0497,25.8968,15.6684
2024-05-05,25.3724,0.3997,38.2263,-12.2656,71.3124,55.6172,-45.5175,0,27.5969,22.5333,25.9608,15.6952
2024-05-06,25.3552,0.3704,38.3349,-12.1673,71.3826,55.7456,-45.6134,0,27.6047,22.5604,26.1676,15.6369
2024-05-07,25.1393,0.4249,37.8497,-11.9972,71.4508,55.3606,-44.9786,0,27.326,22.4279,25.8525,16.0902
2024-05-08,25.142,0.445,37.6825,-11.7718,71.5172,55.3116,-44.5578,0,27.4243,22.1844,25.9108,16.2056
2024-05-09,25.0452,0.4847,36.8877,-11.4258,71.5819,54.6206,-43.8831,0,27.1247,22.5974,25.4619,16.9613
2024-05-10,24.8377,0.4692,36.1349,-11.194,71.6447,54.0618,-42.9735,0,26.796,22.421,24.9409,17.5829
2024-05-11,24.8418,0.4355,36.7367,-11.3041,71.7057,54.6412,-43.5962,0,26.9199,22.3185,25.4326,17.0645
2024-05-12,24.8259,0.4385,36.4581,-11.2778,71.765,54.3918,-43.2413,0,26.9211,22.2034,25.1803,17.3732
2024-05-13,25.14,0.503,36.1867,-11.5098,71.8226,54.0006,-42.3269,0,27.4647,22.2403,24.6769,17.822
2024-05-14,25.6085,0.4836,36.9185,-11.657,71.8785,54.7532,-42.9573,0,27.7619,22.7509,25.2616,17.1253
2024-05-15,25.952,0.5005,36.7754,-11.3485,71.9327,54.7558,-42.313,0,28.1467,23.0616,25.4269,17.1769
2024-05-16,26.0028,0.5722,35.5738,-11.1623,71.9853,53.5587,-41.0522,0,28.2475,23.4652,24.4115,18.4266
2024-05-17,25.9229,0.6618,33.9682,-10.9886,72.0363,52.0962,-39.8518,0,27.938,23.2726,22.9796,19.9401
2024-05-18,26.0462,0.6028,34.4419,-11.1218,72.0856,52.4898,-40.1278,0,28.0942,23.4332,23.3201,19.5959
2024-05-19,26.0646,0.6127,34.0988,-11.1513,72.1335,52.1649,-40.0614,0,28.1505,23.3863,22.9474,19.9686
2024-05-20,26.1121,0.5986,33.709,-10.9431,72.1797,51.7958,-39.6238,0,28.2564,23.5768,22.7659,20.3839
2024-05-21,26.1891,0.6086,32.6243,-10.9584,72.2245,50.7299,-39.2406,0,28.3408,23.5177,21.6659,21.4946
2024-05-22,26.3754,0.6187,32.0905,-10.771,72.2678,50.209,-38.7166,0,28.4853,23.8024,21.3196,22.0588
2024-05-23,26.5703,0.6317,30.8991,-10.4517,72.3096,49.0474,-38.3342,0,28.5708,23.9652,20.4474,23.2622
2024-05-24,26.6883,0.6628,31.4322,-10.1423,72.3499,49.7231,-38.0203,0,28.7714,24.1613,21.2899,22.6268
2024-05-25,26.8247,0.6833,31.4782,-10.051,72.3889,49.6886,-37.6179,0,28.8299,24.3608,21.4272,22.7003
2024-05-26,27.0145,0.702,32.3813,-10.0543,72.4264,50.6765,-38.8293,0,29.0595,24.5423,22.327,21.75
2024-05-27,26.8895,0.7052,34.0092,-10.2207,72.4626,52.2193,-40.0956,0,28.8859,24.4551,23.7885,20.2433
2024-05-28,26.9472,0.7009,33.9263,-10.3531,72.4974,52.1782,-41.1752,0,29.112,24.4647,23.5732,20.3193
2024-05-29,26.9396,0.636,34.7962,-10.5261,72.5309,53.105,-42.8683,0,29.0504,24.483,24.2701,19.4259
2024-05-30,26.9624,0.607,35.2245,-10.6299,72.5631,53.5412,-42.5124,0,29.0577,24.5478,24.5946,19.0219
2024-05-31,26.8001,0.5719,35.2284,-10.5264,72.594,53.5939,-42.3806,0,28.852,24.2962,24.702,19.0001
2024-06-01,26.4358,0.6566,33.7141,-10.2789,72.6236,52.1874,-40.3581,0,28.2375,24.318,23.4352,20.4363
2024-06-02,26.0895,0.6904,32.5289,-9.9225,72.652,51.1663,-39.043,0,27.9717,23.9417,22.6063,21.4857
2024-06-03,25.9852,0.6765,33.7426,-10.1269,72.6791,52.4552,-40.298,0,27.9144,23.669,23.6158,20.224
2024-06-04,26.1186,0.6001,34.6376,-10.1799,72.705,53.3398,-41.547,0,28.0301,23.8114,24.4577,19.3652
2024-06-05,25.9465,0.6451,33.9018,-9.9127,72.7297,52.6872,-40.5433,0,27.7057,23.8397,23.9891,20.0426
2024-06-06,25.8207,0.6565,33.9712,-9.8287,72.7533,52.8316,-40.1803,0,27.7131,23.5948,24.1426,19.9217
2024-06-07,25.9113,0.6706,32.6517,-9.8962,72.7756,51.4274,-39.745,0,27.7175,23.6969,22.7555,21.3482
2024-06-08,25.9591,0.6672,33.6789,-10.0453,72.7968,52.3709,-40.5668,0,27.8329,23.6051,23.6335,20.4259
2024-06-09,26.3306,0.6636,33.0069,-10.0997,72.8168,51.7369,-40.3261,0,28.3791,23.7508,22.9071,21.0799
2024-06-10,26.4397,0.668,32.6951,-10.0112,72.8357,51.3976,-39.2306,0,28.2871,24.0946,22.6839,21.438
2024-06-11,26.5238,0.6899,32.0306,-9.8396,72.8534,50.7529,-38.5875,0,28.4213,24.1402,22.1911,22.1005
2024-06-12,26.4587,0.7018,32.0531,-9.762,72.87,50.8425,-38.9756,0,28.2893,24.1951,22.2911,22.0275
2024-06-13,26.5288,0.6769,33.3823,-9.9616,72.8855,52.2049,-40.1679,0,28.3669,24.2571,23.4207,20.6805
2024-06-14,26.5614,0.6697,34.6687,-9.9711,72.8998,53.649,-41.2953,0,28.3176,24.3948,24.6976,19.2508
2024-06-15,26.6327,0.6492,35.0952,-9.9725,72.913,54.159,-41.8047,0,28.5164,24.3283,25.1227,18.754
2024-06-16,26.8034,0.6578,35.4956,-9.8885,72.9251,54.625,-41.4461,0,28.7077,24.4179,25.6072,18.3002
2024-06-17,26.7404,0.6961,34.8377,-9.6221,72.9361,54.1138,-40.429,0,28.4369,24.5941,25.2155,18.8223
2024-06-18,26.4351,0.731,33.8451,-9.3053,72.9459,53.1602,-39.6639,0,28.0718,24.4943,24.5398,19.7857
2024-06-19,26.0818,0.7654,31.7498,-8.8766,72.9546,51.0558,-38.7258,0,27.6638,24.1731,22.8732,21.8988
2024-06-20,25.8212,0.7596,31.5844,-8.6356,72.9621,50.952,-38.9934,0,27.3048,24.1263,22.9488,22.0101
2024-06-21,25.6351,0.7685,29.9469,-8.2955,72.9685,49.5536,-37.9171,0,27.092,23.8393,21.6514,23.415
2024-06-22,25.8962,0.7521,28.3492,-8.4515,72.9737,47.8242,-36.7746,0,27.4776,23.7879,19.8977,25.1495
2024-06-23,25.9995,0.7895,27.8807,-8.3933,72.9777,47.3789,-36.2101,0,27.4844,24.0432,19.4874,25.5989
2024-06-24,26.2297,0.801,28.6146,-8.2998,72.9806,48.1625,-36.1419,0,27.7946,24.2059,20.3147,24.818
2024-06-25,26.1535,0.8487,28.3629,-8.0387,72.9822,47.7822,-35.0305,0,27.6922,24.2557,20.3241,25.2
2024-06-26,26.0411,0.8704,26.2939,-7.6098,72.9825,45.8246,-33.8493,0,27.3929,24.377,18.6841,27.1579
2024-06-27,25.851,0.8807,26.4323,-7.3515,72.9816,46.0347,-34.0218,0,27.2388,24.2704,19.0808,26.9469
2024-06-28,25.7483,0.7878,29.5227,-7.4032,72.9794,49.2137,-36.8596,0,27.0083,24.1422,22.1195,23.7658
2024-06-29,25.6361,0.7834,29.8088,-7.5169,72.9759,49.5258,-37.0986,0,26.9032,24.0884,22.292,23.4501
2024-06-30,25.5899,0.8237,28.56,-7.4525,72.971,48.2495,-35.3389,0,26.9076,23.9275,21.1075,24.7215
2024-07-01,25.7185,0.8352,27.7862,-7.6169,72.9648,47.1668,-35.2351,0,27.1084,23.9967,20.1693,25.798
2024-07-02,25.7138,0.8332,27.4901,-7.4495,72.9571,47.0345,-36.5807,0,27.1373,24.034,20.0405,25.9227
2024-07-03,25.9131,0.8521,28.5735,-7.4857,72.948,48.0803,-36.7465,0,27.3148,24.1828,21.0878,24.8677
2024-07-04,25.6382,0.8941,26.6149,-7.1914,72.9374,46.2457,-34.4327,0,26.9807,24.1725,19.4234,26.6917
2024-07-05,25.4548,0.8961,25.9641,-6.9517,72.9252,45.7053,-34.1985,0,26.7248,24.0369,19.0124,27.2199
2024-07-06,25.3418,0.8812,25.478,-6.7879,72.9115,45.1884,-34.7801,0,26.5603,23.9122,18.6901,27.7231
2024-07-07,25.3525,0.8611,26.8769,-7.0631,72.8962,46.763,-35.3548,0,26.5617,23.7933,19.8138,26.1332
2024-07-08,25.6028,0.8493,28.1128,-7.4212,72.8792,47.954,-36.2553,0,26.9176,23.9154,20.6916,24.9252
2024-07-09,25.8298,0.8185,28.7963,-7.6491,72.8605,48.5362,-35.9072,0,27.2443,24.0367,21.1473,24.3243
2024-07-10,25.8745,0.7937,30.002,-7.8221,72.84,49.8473,-36.4809,0,27.2693,24.1071,22.1799,22.9927
2024-07-11,25.8554,0.8081,29.3438,-7.563,72.8177,49.1253,-36.2308,0,27.2591,24.1437,21.7808,23.6923
2024-07-12,25.4516,0.8258,27.5283,-7.2563,72.7935,47.3848,-35.784,0,26.7124,24.0225,20.272,25.4087
2024-07-13,25.4884,0.8344,26.2779,-7.0818,72.7674,46.0421,-35.7541,0,26.8085,23.8068,19.1961,26.7253
2024-07-14,25.7277,0.8142,27.2154,-7.3258,72.7392,46.865,-35.686,0,27.0876,23.9419,19.8896,25.8742
2024-07-15,25.8216,0.8377,25.9678,-7.2483,72.7091,45.6417,-34.8074,0,27.1628,24.0826,18.7195,27.0674
2024-07-16,25.9478,0.8544,26.1256,-7.2418,72.6768,45.7585,-34.3712,0,27.2478,24.2019,18.8839,26.9184
2024-07-17,26.1064,0.8484,26.9962,-7.3046,72.6424,46.7384,-35.1249,0,27.5089,24.3983,19.6916,25.904
2024-07-18,25.9842,0.8612,25.9731,-7.1396,72.6057,45.6131,-34.5283,0,27.3179,24.4384,18.8335,26.9926
2024-07-19,25.9118,0.8676,27.4799,-7.3416,72.5668,47.0616,-35.2084,0,27.1737,24.2555,20.1383,25.5052
2024-07-20,26.0927,0.8731,27.8993,-7.2968,72.5255,47.5663,-34.6944,0,27.393,24.5087,20.6025,24.9592
2024-07-21,26.1091,0.8538,27.7702,-7.1294,72.4817,47.4757,-35.4421,0,27.3851,24.4981,20.6408,25.006
2024-07-22,25.8344,0.8536,27.4705,-6.9825,72.4355,47.2263,-35.8143,0,27.0226,24.4118,20.488,25.2092
2024-07-23,25.6992,0.8461,27.502,-6.8552,72.3867,47.3353,-36.4114,0,26.8473,24.293,20.6469,25.0513
2024-07-24,25.6985,0.8437,26.5514,-6.936,72.3353,46.2591,-35.7472,0,26.836,24.2372,19.6154,26.0762
2024-07-25,25.7783,0.8717,25.8192,-6.7617,72.2811,45.3968,-34.9911,0,26.9449,24.3014,19.0576,26.8843
2024-07-26,25.8739,0.8836,26.3865,-6.6312,72.2242,46.3043,-35.3787,0,27.0769,24.372,19.7552,25.9199
2024-07-27,25.9318,0.8782,27.2894,-6.8706,72.1645,47.0698,-35.9468,0,27.1055,24.5593,20.4188,25.0947
2024-07-28,25.7807,0.8727,26.8109,-7.061,72.1019,46.6211,-35.7437,0,26.9836,24.3334,19.7498,25.4809
2024-07-29,25.6732,0.8458,26.1047,-7.1027,72.0364,45.6203,-35.4246,0,26.961,24.068,19.002,26.4161
2024-07-30,25.6423,0.82,27.2877,-7.1601,71.9678,46.9914,-35.9127,0,26.9566,23.9703,20.1276,24.9764
2024-07-31,25.6732,0.8338,27.5046,-7.1707,71.8961,47.2152,-34.9509,0,27.0998,23.975,20.3339,24.6809
2024-08-01,25.1297,0.9083,26.1964,-6.7082,71.8213,45.8193,-33.3379,0,26.4453,23.7277,19.4881,26.0019
2024-08-02,24.7829,0.8986,25.9069,-6.4084,71.7432,45.4775,-33.5969,0,25.7836,23.5629,19.4985,26.2657
2024-08-03,24.7906,0.8927,26.2514,-6.5404,71.6619,45.9305,-33.9961,0,25.8904,23.4449,19.711,25.7313
2024-08-04,24.9278,0.8647,26.4639,-6.6379,71.5772,46.137,-34.4941,0,26.2259,23.4021,19.826,25.4401
2024-08-05,25.0823,0.854,27.3978,-6.8108,71.4891,47.25,-35.3048,0,26.4764,23.4445,20.587,24.2391
2024-08-06,24.9624,0.8802,26.2605,-6.6576,71.3975,46.0133,-34.4205,0,26.2235,23.5083,19.6028,25.3843
2024-08-07,24.9027,0.8597,26.2221,-6.6524,71.3025,46.0115,-35.157,0,25.9964,23.4814,19.5697,25.291
2024-08-08,24.9429,0.8002,28.2653,-6.9855,71.2039,47.9572,-37.95,0,26.2286,23.4538,21.2799,23.2466
2024-08-09,25.0829,0.7176,30.2144,-7.3871,71.1016,49.9178,-39.5701,0,26.4319,23.3885,22.8274,21.1839
2024-08-10,25.1316,0.7291,30.7313,-7.7314,70.9958,50.3136,-38.8011,0,26.4838,23.4228,23.0,20.6821
2024-08-11,25.0968,0.7689,29.9541,-7.6574,70.8861,49.598,-37.8436,0,26.5535,23.352,22.2967,21.2881
2024-08-12,25.2451,0.8071,30.4922,-7.5894,70.7728,50.0933,-37.4893,0,26.6183,23.5298,22.9029,20.6795
2024-08-13,25.4192,0.7784,29.1586,-7.44,70.6556,48.8814,-37.9786,0,26.8014,23.6632,21.7186,21.7742
2024-08-14,25.4662,0.7965,29.2966,-7.6059,70.5347,48.7778,-37.3987,0,26.879,23.5939,21.6907,21.7569
2024-08-15,25.2809,0.7801,30.4193,-7.8421,70.4098,49.7661,-37.6948,0,26.7636,23.6167,22.5772,20.6437
2024-08-16,24.9606,0.8269,29.0731,-7.6124,70.2811,48.3952,-36.397,0,26.5176,23.2725,21.4607,21.8859
2024-08-17,24.8719,0.8711,26.9363,-7.1937,70.1485,46.2345,-34.6357,0,26.4045,23.2145,19.7426,23.914
2024-08-18,24.9987,0.8606,26.3596,-7.2137,70.0119,45.7438,-34.6971,0,26.4993,23.2685,19.1459,24.2681
2024-08-19,24.9447,0.8289,28.4789,-7.5198,69.8715,47.6683,-35.8898,0,26.5322,23.2829,20.9591,22.2032
2024-08-20,24.994,0.8172,27.2749,-7.3194,69.727,46.393,-35.9921,0,26.446,23.148,19.9555,23.334
2024-08-21,25.0607,0.834,26.0692,-7.4291,69.5786,44.9994,-34.654,0,26.5501,23.3917,18.6401,24.5792
2024-08-22,25.128,0.8315,26.9655,-7.4577,69.4263,45.7894,-34.8479,0,26.622,23.4043,19.5079,23.6368
2024-08-23,25.1686,0.845,28.1943,-7.5624,69.27,46.8602,-35.1731,0,26.61,23.5437,20.632,22.4098
2024-08-24,24.9998,0.8277,27.2408,-7.6764,69.1097,45.6149,-35.1475,0,26.4565,23.3817,19.5643,23.4948
2024-08-25,25.0339,0.8046,27.743,-7.6923,68.9455,46.1918,-35.8773,0,26.4565,23.3104,20.0507,22.7537
2024-08-26,24.9096,0.8034,28.4715,-7.7486,68.7774,46.884,-36.8448,0,26.5232,23.3361,20.7229,21.8934
2024-08-27,24.7537,0.8488,27.2684,-7.4347,68.6054,45.7208,-35.2796,0,26.2823,23.1983,19.8337,22.8846
2024-08-28,24.7359,0.8406,26.3396,-7.4111,68.4295,44.7242,-35.287,0,26.2391,23.0942,18.9285,23.7053
2024-08-29,24.7668,0.7809,27.7439,-7.5597,68.2498,46.0805,-37.0076,0,26.3448,23.1419,20.1842,22.1693
2024-08-30,24.8449,0.7826,27.1596,-7.3934,68.0662,45.4898,-36.8255,0,26.4579,23.1246,19.7662,22.5764
2024-08-31,24.8643,0.7566,28.7153,-7.4161,67.8789,47.1476,-37.173,0,26.3264,23.1206,21.2992,20.7313
2024-09-01,25.0021,0.7928,28.5309,-7.2897,67.6878,46.9638,-36.6741,0,26.5223,23.324,21.2412,20.724
2024-09-02,24.8924,0.8383,27.5296,-7.1163,67.4931,46.0078,-35.8256,0,26.4374,23.3416,20.4133,21.4853
2024-09-03,24.7387,0.8451,26.3831,-7.0867,67.2947,44.6134,-35.7098,0,26.1863,23.2229,19.2964,22.6813
2024-09-04,24.7638,0.814,27.5035,-7.1942,67.0927,45.6983,-36.7248,0,26.0257,23.276,20.3093,21.3944
2024-09-05,24.7846,0.7416,28.795,-7.5143,66.8872,46.9202,-38.2184,0,26.2729,23.1846,21.2807,19.967
2024-09-06,24.8239,0.7782,29.2513,-7.6567,66.6782,47.1727,-38.4342,0,26.2489,23.1818,21.5946,19.5055
2024-09-07,25.0382,0.7585,29.3405,-7.7599,66.4659,47.1569,-37.7011,0,26.6183,23.2673,21.5806,19.309
2024-09-08,25.0097,0.7491,29.1114,-7.8086,66.2502,46.8356,-37.8552,0,26.5187,23.2602,21.3028,19.4146
2024-09-09,24.9079,0.7402,29.8902,-7.8557,66.0312,47.4954,-38.2379,0,26.4115,23.1595,22.0346,18.5358
2024-09-10,24.8769,0.7739,30.1186,-7.9227,65.8091,47.5856,-38.5036,0,26.3926,23.2856,22.1959,18.2234
2024-09-11,24.7159,0.8117,29.3874,-8.0106,65.5838,46.6256,-37.5022,0,26.1597,23.0496,21.3768,18.9582
2024-09-12,24.7203,0.7702,29.891,-8.1489,65.3556,47.0709,-38.1036,0,26.1723,23.019,21.742,18.2846
2024-09-13,24.5237,0.7552,29.6731,-8.277,65.1244,46.729,-39.0506,0,26.0555,22.9442,21.396,18.3954
2024-09-14,24.3692,0.693,30.219,-8.6063,64.8904,47.063,-39.9246,0,25.8033,22.6575,21.6126,17.8274
2024-09-15,24.4451,0.6666,30.9897,-8.7859,64.6537,47.7816,-40.9735,0,26.0038,22.574,22.2038,16.872
2024-09-16,24.567,0.6203,32.1055,-8.9421,64.4143,48.6597,-41.6827,0,26.2328,22.6193,23.1634,15.7546
2024-09-17,24.588,0.564,31.7635,-9.0984,64.1723,48.2375,-41.9731,0,26.3418,22.5844,22.6651,15.9348
2024-09-18,24.6536,0.5404,31.5619,-9.1349,63.9279,48.0195,-42.1177,0,26.4554,22.6185,22.427,15.9084
2024-09-19,24.9045,0.532,31.7889,-9.2654,63.6812,48.2028,-42.7604,0,26.7719,22.6561,22.5234,15.4784
2024-09-20,25.0911,0.5746,31.0713,-9.2156,63.4323,47.5084,-41.9617,0,26.9476,22.8415,21.8556,15.9239
2024-09-21,25.0509,0.6154,30.4315,-9.0218,63.1812,46.8478,-41.3756,0,26.8296,22.937,21.4097,16.3334
2024-09-22,25.1776,0.6245,30.8251,-8.9573,62.9282,47.2294,-41.0534,0,26.9324,23.0346,21.8678,15.6988
2024-09-23,25.1264,0.7099,29.586,-8.7349,62.6732,45.9969,-39.2329,0,26.9805,23.269,20.8511,16.6763
2024-09-24,24.7526,0.7238,27.6522,-8.4549,62.4165,43.9522,-38.1798,0,26.4499,22.9799,19.1974,18.4643
2024-09-25,24.5527,0.731,26.9673,-8.2636,62.1582,43.2125,-37.8826,0,26.1706,22.7419,18.7037,18.9456
2024-09-26,24.4382,0.726,27.4525,-8.1363,61.8983,43.5662,-38.2672,0,26.0078,22.6756,19.3162,18.3321
2024-09-27,24.195,0.7298,27.4588,-7.7495,61.637,43.7203,-38.5121,0,25.719,22.6908,19.7093,17.9167
2024-09-28,24.2944,0.623,29.2991,-8.1445,61.3744,45.5933,-40.8262,0,25.834,22.5355,21.1546,15.7811
2024-09-29,24.529,0.5972,30.4742,-8.8172,61.1107,46.4816,-42.3388,0,26.2157,22.5101,21.657,14.629
2024-09-30,24.7381,0.5799,30.6882,-9.081,60.8459,46.6356,-41.6723,0,26.6893,22.5289,21.6072,14.2103
2024-10-01,24.843,0.5689,29.7425,-9.1283,60.5802,45.4586,-40.3608,0,26.7893,22.6129,20.6142,15.1216
2024-10-02,24.698,0.6372,28.8224,-9.0715,60.3137,44.3485,-39.7047,0,26.6059,22.603,19.7509,15.9652
2024-10-03,24.4828,0.6611,28.2331,-9.0674,60.0466,43.6745,-40.1261,0,26.2765,22.4318,19.1656,16.3721
2024-10-04,24.2118,0.6399,28.7627,-9.0436,59.7789,44.1627,-41.0202,0,25.9848,22.3215,19.7191,15.6162
2024-10-05,23.875,0.6486,28.6118,-9.121,59.5108,43.9367,-40.3897,0,25.6445,22.0682,19.4908,15.5742
2024-10-06,23.7635,0.5959,27.7747,-9.3236,59.2424,42.9921,-40.8975,0,25.5171,21.7853,18.4511,16.2503
2024-10-07,23.8284,0.5264,28.3036,-9.4837,58.9738,43.2853,-41.1555,0,25.8935,21.8233,18.8199,15.6886
2024-10-08,23.7343,0.5792,27.8914,-9.6081,58.7051,42.8169,-40.1599,0,25.8357,21.619,18.2833,15.8882
2024-10-09,23.6149,0.5842,28.8359,-9.6568,58.4365,43.7183,-40.3168,0,25.744,21.5764,19.1791,14.7181
2024-10-10,23.4073,0.5962,27.2792,-9.3536,58.1679,42.1196,-40.2436,0,25.3776,21.3795,17.9256,16.0484
2024-10-11,23.2155,0.6096,26.8553,-9.4853,57.8997,41.4857,-39.5829,0,25.1008,21.2367,17.37,16.4139
2024-10-12,23.1227,0.6114,25.9,-9.5229,57.6318,40.4603,-39.5874,0,25.1148,21.0071,16.3771,17.1714
2024-10-13,23.0144,0.592,26.2226,-9.4559,57.3643,40.8156,-39.402,0,25.1218,20.8898,16.7668,16.5487
2024-10-14,23.0763,0.6026,26.4438,-9.497,57.0975,40.9351,-39.5463,0,25.2331,20.763,16.9467,16.1624
2024-10-15,23.1561,0.6093,26.2584,-9.4786,56.8314,40.6922,-39.4486,0,25.1503,21.0385,16.7797,16.1392
2024-10-16,23.0756,0.5531,27.6893,-9.5875,56.5661,41.9678,-40.9829,0,25.2206,20.8136,18.1019,14.5983
2024-10-17,23.1031,0.5567,28.0767,-9.7348,56.3018,42.2682,-41.6317,0,25.2337,20.8314,18.3418,14.0336
2024-10-18,23.0111,0.5692,28.1464,-9.7123,56.0385,42.3103,-41.419,0,25.14,20.7879,18.4341,13.7282
2024-10-19,22.7829,0.5944,27.0426,-9.7384,55.7764,41.1822,-40.4126,0,24.8472,20.7494,17.3043,14.5942
2024-10-20,22.5627,0.586,26.4169,-9.7547,55.5156,40.4409,-40.2491,0,24.5629,20.4179,16.6622,15.0748
2024-10-21,22.473,0.4991,27.5569,-10.1872,55.2563,41.3869,-41.1823,0,24.6149,20.2474,17.3698,13.8694
2024-10-22,22.5683,0.514,26.9795,-10.0069,54.9985,40.7819,-41.1367,0,24.7991,20.0119,16.9726,14.2166
2024-10-23,22.5875,0.582,25.8419,-9.8145,54.7423,39.5561,-39.859,0,24.6798,20.2869,16.0274,15.1862
2024-10-24,22.5546,0.6016,25.7905,-9.9337,54.4879,39.2508,-40.7194,0,24.5613,20.2925,15.8568,15.2371
2024-10-25,22.7283,0.5461,26.9495,-10.189,54.2355,40.4105,-42.9239,0,24.7531,20.2873,16.7605,13.825
2024-10-26,22.819,0.3956,28.2353,-10.8137,53.9851,41.4793,-44.8052,0,25.1371,20.3198,17.4216,12.5058
2024-10-27,22.9908,0.3275,29.1351,-11.0992,53.7368,42.2379,-45.9245,0,25.4273,20.0807,18.0359,11.4989
2024-10-28,23.2365,0.3151,29.112,-10.9999,53.4908,42.1569,-45.7753,0,25.6543,20.4951,18.1121,11.3339
2024-10-29,23.1828,0.3069,29.3261,-10.8585,53.2472,42.4482,-45.8963,0,25.5287,20.8151,18.4677,10.799
2024-10-30,23.0462,0.2862,29.037,-10.8722,53.0061,42.0527,-46.3378,0,25.3649,20.6057,18.1648,10.9533
2024-10-31,22.7672,0.3034,29.2134,-11.1714,52.7676,42.1489,-46.3965,0,25.1454,20.3383,18.042,10.6187
2024-11-01,22.6134,0.3096,29.1591,-11.5437,52.5319,41.9099,-46.3371,0,25.1636,19.9501,17.6154,10.6221
2024-11-02,22.5607,0.3164,28.7525,-11.6379,52.2992,41.3929,-45.7554,0,25.2465,19.7089,17.1146,10.9063
2024-11-03,22.3655,0.3203,28.6536,-11.4585,52.0694,41.31,-45.3842,0,24.9218,19.7121,17.1951,10.7594
2024-11-04,21.9494,0.3904,27.8316,-11.3276,51.8427,40.4633,-44.3008,0,24.3987,19.4075,16.504,11.3794
2024-11-05,21.9342,0.4174,27.1693,-10.9996,51.6193,39.8745,-43.3355,0,24.3051,19.3483,16.1697,11.7448
2024-11-06,21.7525,0.3737,26.4022,-11.2246,51.3993,39.0109,-43.3624,0,23.9842,19.3144,15.1776,12.3885
2024-11-07,21.7336,0.3509,26.4532,-11.2708,51.1829,38.8345,-44.139,0,24.0509,19.155,15.1824,12.3484
2024-11-08,21.7067,0.4002,25.9588,-11.2425,50.97,38.2242,-44.1612,0,24.0641,19.1782,14.7164,12.7458
2024-11-09,21.7919,0.3804,26.4531,-11.3543,50.7609,38.6556,-44.5247,0,24.2871,19.1822,15.0988,12.1053
2024-11-10,21.8531,0.3224,27.6668,-11.3334,50.5557,39.8787,-45.4847,0,24.411,19.1673,16.3334,10.677
2024-11-11,21.686,0.3523,28.0298,-11.4303,50.3544,40.1259,-44.9189,0,24.1894,19.143,16.5995,10.2285
2024-11-12,21.4415,0.3948,27.1436,-11.4155,50.1573,39.2492,-43.9742,0,23.8157,19.0278,15.7281,10.9081
2024-11-13,21.1862,0.3803,27.5007,-11.5462,49.9644,39.5095,-44.6067,0,23.6638,18.6816,15.9545,10.4549
2024-11-14,21.1693,0.3985,27.3479,-11.4531,49.7758,39.3829,-44.4028,0,23.7012,18.5974,15.8949,10.3929
2024-11-15,20.9867,0.4137,27.3405,-11.6447,49.5918,39.2354,-44.2136,0,23.6096,18.4972,15.6958,10.3564
2024-11-16,20.7535,0.3504,27.4308,-11.8083,49.4123,39.2534,-45.0084,0,23.4496,18.1769,15.6225,10.1589
2024-11-17,20.4022,0.3518,26.7405,-11.9355,49.2375,38.4464,-44.5532,0,22.894,17.9708,14.8049,10.7911
2024-11-18,20.2212,0.3428,27.1897,-12.2295,49.0676,38.7539,-45.0027,0,22.8562,17.5845,14.9602,10.3137
2024-11-19,20.0398,0.3933,26.3935,-12.2711,48.9026,37.83,-44.2918,0,22.7619,17.3364,14.1224,11.0726
2024-11-20,19.7727,0.4356,25.8097,-12.243,48.7426,37.1303,-43.3471,0,22.393,17.1023,13.5666,11.6123
2024-11-21,19.5198,0.4341,25.1164,-12.0281,48.5878,36.4965,-42.9202,0,22.0978,16.8492,13.0883,12.0913
2024-11-22,19.5341,0.4486,25.4462,-11.9398,48.4383,36.8119,-42.9024,0,22.0398,16.8043,13.5064,11.6263
2024-11-23,19.4812,0.5224,24.7343,-11.5867,48.2941,36.1613,-41.8494,0,21.9258,16.8861,13.1476,12.1328
2024-11-24,19.2558,0.5635,24.3761,-11.8542,48.1555,35.6565,-41.0837,0,21.6202,16.8391,12.5219,12.4989
2024-11-25,19.0618,0.5612,24.1179,-12.0547,48.0224,35.209,-40.3242,0,21.5611,16.3928,12.0632,12.8134
2024-11-26,19.1928,0.5967,22.6551,-11.6862,47.895,33.7721,-38.8774,0,21.7403,16.432,10.969,14.1229
2024-11-27,19.2122,0.5911,23.5118,-11.6481,47.7735,34.5785,-39.3806,0,21.7037,16.4408,11.8637,13.195
2024-11-28,19.1248,0.5941,23.3326,-11.5065,47.6578,34.4197,-39.8627,0,21.5783,16.4699,11.8261,13.2381
2024-11-29,18.9492,0.5332,22.5337,-11.3028,47.5482,33.5718,-40.203,0,21.4049,16.4147,11.2309,13.9764
2024-11-30,18.938,0.5751,22.7247,-11.1331,47.4446,33.7869,-39.112,0,21.3536,16.3626,11.5916,13.6576
2024-12-01,19.0672,0.577,23.8043,-10.8581,47.3472,35.114,-41.1281,0,21.4438,16.4661,12.9462,12.2332
2024-12-02,19.1963,0.5034,24.0714,-10.7069,47.2561,35.3901,-42.7689,0,21.5795,16.6609,13.3646,11.866
2024-12-03,19.3643,0.4736,24.6556,-10.961,47.1713,35.9013,-42.9739,0,21.8024,16.746,13.6946,11.27
2024-12-04,19.3504,0.4008,24.7723,-11.2156,47.093,36.1204,-43.6657,0,21.8989,16.8203,13.5567,10.9726
2024-12-05,19.1742,0.3383,25.3231,-11.6356,47.0212,36.5371,-43.465,0,21.8573,16.4691,13.6876,10.4842
2024-12-06,18.9493,0.407,25.189,-12.0771,46.9561,36.205,-43.1025,0,21.6814,16.2997,13.112,10.7511
2024-12-07,18.7403,0.4526,25.0307,-12.1121,46.8976,36.0137,-43.0304,0,21.3483,15.9812,12.9187,10.8839
2024-12-08,18.4288,0.4838,24.8694,-11.8103,46.8458,35.944,-42.8143,0,20.8706,15.9243,13.0591,10.9018
2024-12-09,17.8907,0.5495,24.0978,-11.5758,46.8008,35.1531,-41.6183,0,20.0228,15.7147,12.5221,11.6477
2024-12-10,17.5316,0.5277,24.4647,-12.2155,46.7627,35.3585,-41.2366,0,19.8196,15.0754,12.2491,11.4043
2024-12-11,17.5355,0.442,25.2463,-12.5444,46.7316,36.0432,-42.4146,0,20.1553,14.58,12.7019,10.6883
2024-12-12,17.4035,0.4429,25.5657,-12.9519,46.7074,36.1358,-43.1601,0,20.0933,14.5362,12.6138,10.5715
2024-12-13,17.2082,0.5263,24.6294,-12.8651,46.6902,35.2691,-41.6348,0,19.7102,14.5358,11.7643,11.4211
2024-12-14,17.0459,0.4293,23.228,-12.6625,46.6801,33.8466,-41.1519,0,19.5591,14.1013,10.5655,12.8335
2024-12-15,17.41,0.3965,23.9501,-12.7427,46.6771,34.4853,-41.8045,0,20.1561,14.0129,11.2074,12.1917
2024-12-16,17.7602,0.3629,24.689,-12.8216,46.6811,35.2308,-42.6814,0,20.6529,14.4817,11.8674,11.4504
2024-12-17,17.7408,0.4512,24.715,-12.4634,46.6924,35.3582,-42.3332,0,20.5492,14.5063,12.2516,11.3342
2024-12-18,17.6262,0.5095,24.1263,-12.1418,46.7108,34.871,-41.603,0,20.0947,14.8515,11.9845,11.8399
2024-12-19,17.6742,0.49,24.3459,-12.1196,46.7364,35.1277,-42.1272,0,20.3662,14.5492,12.2263,11.6088
2024-12-20,17.5266,0.5168,23.7497,-11.8301,46.7692,34.5259,-41.6994,0,20.2152,14.6818,11.9196,12.2433
2024-12-21,17.2636,0.5313,23.3511,-11.3944,46.8092,34.2657,-41.9193,0,19.4558,14.6264,11.9567,12.5435
2024-12-22,17.3069,0.4914,24.5928,-11.4424,46.8564,35.5334,-43.6053,0,19.6196,14.6653,13.1504,11.3231
2024-12-23,17.2953,0.4892,24.1934,-11.4136,46.9108,35.0821,-43.6659,0,19.5531,14.5364,12.7798,11.8287
2024-12-24,17.2428,0.4031,24.6022,-11.6258,46.9723,35.516,-44.11,0,19.4247,14.6753,12.9765,11.4563
2024-12-25,17.1596,0.3343,24.7928,-11.597,47.041,35.7423,-44.7905,0,19.2074,14.6231,13.1958,11.2987
2024-12-26,17.4323,0.2285,25.7891,-11.9641,47.1168,36.7479,-45.6831,0,19.6274,14.6194,13.825,10.3689
2024-12-27,17.8523,0.3099,25.5468,-11.5209,47.1996,36.5962,-45.0421,0,20.1645,14.9528,14.026,10.6034
2024-12-28,18.0992,0.3443,24.8692,-11.1478,47.2895,36.1099,-44.3525,0,20.1778,15.5265,13.7214,11.1796
2024-12-29,17.636,0.3747,25.0628,-11.4521,47.3863,36.3288,-43.8623,0,19.5884,15.4563,13.6107,11.0576
2024-12-30,17.0895,0.3799,25.5972,-12.1425,47.4901,36.6449,-43.2636,0,19.0673,14.7995,13.4546,10.8452
2024-12-31,16.9849,0.4177,25.7434,-12.3816,47.6008,36.7018,-43.2035,0,19.087,14.276,13.3618,10.899
